bug_id,title,description,category,severity,root_cause,suggested_fix,created_at
1,Login fails with valid credentials on Chrome 118,User cannot log in even after entering correct username and password on Safari 17. Session token is not being generated.,Authentication,Medium,Session cookie flag SameSite=Strict blocking cross-site auth handshake,Set SameSite=Lax and Secure flags on the auth cookie and re-issue token after redirect.,2024-01-01 00:00:00
2,Login fails with valid credentials on Chrome 118,User cannot log in even after entering correct username and password on Chrome 118. Session token is not being generated.,Authentication,Critical,Session cookie flag SameSite=Strict blocking cross-site auth handshake,Set SameSite=Lax and Secure flags on the auth cookie and re-issue token after redirect.,2024-01-01 00:00:00
3,Login fails with valid credentials on Chrome 118,User cannot log in even after entering correct username and password on Firefox 119. Session token is not being generated.,Authentication,Low,Session cookie flag SameSite=Strict blocking cross-site auth handshake,Set SameSite=Lax and Secure flags on the auth cookie and re-issue token after redirect.,2024-01-01 00:00:00
4,Login fails with valid credentials on Firefox 119,User cannot log in even after entering correct username and password on Edge 118. Session token is not being generated.,Authentication,Critical,Session cookie flag SameSite=Strict blocking cross-site auth handshake,Set SameSite=Lax and Secure flags on the auth cookie and re-issue token after redirect.,2024-01-01 00:00:00
5,Login fails with valid credentials on Safari 17,User cannot log in even after entering correct username and password on Chrome 118. Session token is not being generated.,Authentication,Medium,Session cookie flag SameSite=Strict blocking cross-site auth handshake,Set SameSite=Lax and Secure flags on the auth cookie and re-issue token after redirect.,2024-01-01 00:00:00
6,Login fails with valid credentials on Edge 118,User cannot log in even after entering correct username and password on Safari 17. Session token is not being generated.,Authentication,Medium,Session cookie flag SameSite=Strict blocking cross-site auth handshake,Set SameSite=Lax and Secure flags on the auth cookie and re-issue token after redirect.,2024-01-01 00:00:00
7,Login fails with valid credentials on Chrome 118,User cannot log in even after entering correct username and password on Edge 118. Session token is not being generated.,Authentication,High,Session cookie flag SameSite=Strict blocking cross-site auth handshake,Set SameSite=Lax and Secure flags on the auth cookie and re-issue token after redirect.,2024-01-01 00:00:00
8,Login fails with valid credentials on Safari 17,User cannot log in even after entering correct username and password on Chrome 118. Session token is not being generated.,Authentication,Critical,Session cookie flag SameSite=Strict blocking cross-site auth handshake,Set SameSite=Lax and Secure flags on the auth cookie and re-issue token after redirect.,2024-01-01 00:00:00
9,Login fails with valid credentials on Chrome 118,User cannot log in even after entering correct username and password on Chrome 118. Session token is not being generated.,Authentication,High,Session cookie flag SameSite=Strict blocking cross-site auth handshake,Set SameSite=Lax and Secure flags on the auth cookie and re-issue token after redirect.,2024-01-01 00:00:00
10,Login fails with valid credentials on Safari 17,User cannot log in even after entering correct username and password on Firefox 119. Session token is not being generated.,Authentication,Low,Session cookie flag SameSite=Strict blocking cross-site auth handshake,Set SameSite=Lax and Secure flags on the auth cookie and re-issue token after redirect.,2024-01-01 00:00:00
11,Database connection pool exhausted under load,"After 90 concurrent requests, the app throws 'connection pool timeout' errors and stops responding.",Database,Medium,Connections not released back to pool due to missing try/finally around DB session,Wrap all DB calls in context manager and increase pool_size to 20.,2024-01-01 00:00:00
12,Database connection pool exhausted under load,"After 375 concurrent requests, the app throws 'connection pool timeout' errors and stops responding.",Database,High,Connections not released back to pool due to missing try/finally around DB session,Wrap all DB calls in context manager and increase pool_size to 20.,2024-01-01 00:00:00
13,Database connection pool exhausted under load,"After 393 concurrent requests, the app throws 'connection pool timeout' errors and stops responding.",Database,High,Connections not released back to pool due to missing try/finally around DB session,Wrap all DB calls in context manager and increase pool_size to 100.,2024-01-01 00:00:00
14,Database connection pool exhausted under load,"After 323 concurrent requests, the app throws 'connection pool timeout' errors and stops responding.",Database,Medium,Connections not released back to pool due to missing try/finally around DB session,Wrap all DB calls in context manager and increase pool_size to 20.,2024-01-01 00:00:00
15,Database connection pool exhausted under load,"After 377 concurrent requests, the app throws 'connection pool timeout' errors and stops responding.",Database,Medium,Connections not released back to pool due to missing try/finally around DB session,Wrap all DB calls in context manager and increase pool_size to 100.,2024-01-01 00:00:00
16,Database connection pool exhausted under load,"After 167 concurrent requests, the app throws 'connection pool timeout' errors and stops responding.",Database,Low,Connections not released back to pool due to missing try/finally around DB session,Wrap all DB calls in context manager and increase pool_size to 50.,2024-01-01 00:00:00
17,Database connection pool exhausted under load,"After 158 concurrent requests, the app throws 'connection pool timeout' errors and stops responding.",Database,High,Connections not released back to pool due to missing try/finally around DB session,Wrap all DB calls in context manager and increase pool_size to 20.,2024-01-01 00:00:00
18,Database connection pool exhausted under load,"After 123 concurrent requests, the app throws 'connection pool timeout' errors and stops responding.",Database,High,Connections not released back to pool due to missing try/finally around DB session,Wrap all DB calls in context manager and increase pool_size to 20.,2024-01-01 00:00:00
19,Database connection pool exhausted under load,"After 432 concurrent requests, the app throws 'connection pool timeout' errors and stops responding.",Database,Critical,Connections not released back to pool due to missing try/finally around DB session,Wrap all DB calls in context manager and increase pool_size to 100.,2024-01-01 00:00:00
20,Database connection pool exhausted under load,"After 120 concurrent requests, the app throws 'connection pool timeout' errors and stops responding.",Database,Critical,Connections not released back to pool due to missing try/finally around DB session,Wrap all DB calls in context manager and increase pool_size to 20.,2024-01-01 00:00:00
21,Memory leak in image processing worker,Worker RSS grows unbounded when processing large batches of images.,Memory,Medium,"PIL Image objects not closed, cached bitmaps retained by reference",Explicitly call img.close() and use `with Image.open(...)` context managers.,2024-01-01 00:00:00
22,Memory leak in image processing worker,Worker RSS grows unbounded when processing large batches of images.,Memory,Critical,"PIL Image objects not closed, cached bitmaps retained by reference",Explicitly call img.close() and use `with Image.open(...)` context managers.,2024-01-01 00:00:00
23,Memory leak in image processing worker,Worker RSS grows unbounded when processing large batches of images.,Memory,Low,"PIL Image objects not closed, cached bitmaps retained by reference",Explicitly call img.close() and use `with Image.open(...)` context managers.,2024-01-01 00:00:00
24,Memory leak in image processing worker,Worker RSS grows unbounded when processing large batches of images.,Memory,High,"PIL Image objects not closed, cached bitmaps retained by reference",Explicitly call img.close() and use `with Image.open(...)` context managers.,2024-01-01 00:00:00
25,Memory leak in image processing worker,Worker RSS grows unbounded when processing large batches of images.,Memory,Low,"PIL Image objects not closed, cached bitmaps retained by reference",Explicitly call img.close() and use `with Image.open(...)` context managers.,2024-01-01 00:00:00
26,Memory leak in image processing worker,Worker RSS grows unbounded when processing large batches of images.,Memory,Low,"PIL Image objects not closed, cached bitmaps retained by reference",Explicitly call img.close() and use `with Image.open(...)` context managers.,2024-01-01 00:00:00
27,Memory leak in image processing worker,Worker RSS grows unbounded when processing large batches of images.,Memory,High,"PIL Image objects not closed, cached bitmaps retained by reference",Explicitly call img.close() and use `with Image.open(...)` context managers.,2024-01-01 00:00:00
28,Memory leak in image processing worker,Worker RSS grows unbounded when processing large batches of images.,Memory,Low,"PIL Image objects not closed, cached bitmaps retained by reference",Explicitly call img.close() and use `with Image.open(...)` context managers.,2024-01-01 00:00:00
29,Memory leak in image processing worker,Worker RSS grows unbounded when processing large batches of images.,Memory,Low,"PIL Image objects not closed, cached bitmaps retained by reference",Explicitly call img.close() and use `with Image.open(...)` context managers.,2024-01-01 00:00:00
30,Memory leak in image processing worker,Worker RSS grows unbounded when processing large batches of images.,Memory,Low,"PIL Image objects not closed, cached bitmaps retained by reference",Explicitly call img.close() and use `with Image.open(...)` context managers.,2024-01-01 00:00:00
31,Race condition in order checkout,Two simultaneous checkouts on the same cart create duplicate orders.,Concurrency,Medium,Missing row-level lock on cart row during checkout transaction,Use SELECT ... FOR UPDATE on cart row inside the checkout transaction.,2024-01-01 00:00:00
32,Race condition in order checkout,Two simultaneous checkouts on the same cart create duplicate orders.,Concurrency,High,Missing row-level lock on cart row during checkout transaction,Use SELECT ... FOR UPDATE on cart row inside the checkout transaction.,2024-01-01 00:00:00
33,Race condition in order checkout,Two simultaneous checkouts on the same cart create duplicate orders.,Concurrency,Medium,Missing row-level lock on cart row during checkout transaction,Use SELECT ... FOR UPDATE on cart row inside the checkout transaction.,2024-01-01 00:00:00
34,Race condition in order checkout,Two simultaneous checkouts on the same cart create duplicate orders.,Concurrency,Medium,Missing row-level lock on cart row during checkout transaction,Use SELECT ... FOR UPDATE on cart row inside the checkout transaction.,2024-01-01 00:00:00
35,Race condition in order checkout,Two simultaneous checkouts on the same cart create duplicate orders.,Concurrency,Low,Missing row-level lock on cart row during checkout transaction,Use SELECT ... FOR UPDATE on cart row inside the checkout transaction.,2024-01-01 00:00:00
36,Race condition in order checkout,Two simultaneous checkouts on the same cart create duplicate orders.,Concurrency,Medium,Missing row-level lock on cart row during checkout transaction,Use SELECT ... FOR UPDATE on cart row inside the checkout transaction.,2024-01-01 00:00:00
37,Race condition in order checkout,Two simultaneous checkouts on the same cart create duplicate orders.,Concurrency,Critical,Missing row-level lock on cart row during checkout transaction,Use SELECT ... FOR UPDATE on cart row inside the checkout transaction.,2024-01-01 00:00:00
38,Race condition in order checkout,Two simultaneous checkouts on the same cart create duplicate orders.,Concurrency,Low,Missing row-level lock on cart row during checkout transaction,Use SELECT ... FOR UPDATE on cart row inside the checkout transaction.,2024-01-01 00:00:00
39,Race condition in order checkout,Two simultaneous checkouts on the same cart create duplicate orders.,Concurrency,Critical,Missing row-level lock on cart row during checkout transaction,Use SELECT ... FOR UPDATE on cart row inside the checkout transaction.,2024-01-01 00:00:00
40,Race condition in order checkout,Two simultaneous checkouts on the same cart create duplicate orders.,Concurrency,Critical,Missing row-level lock on cart row during checkout transaction,Use SELECT ... FOR UPDATE on cart row inside the checkout transaction.,2024-01-01 00:00:00
41,SQL injection vulnerability in search endpoint,User-supplied search string is concatenated directly into SQL query.,Security,Medium,String concatenation used instead of parameterized query,Replace f-string SQL with parameterized queries using placeholders.,2024-01-01 00:00:00
42,SQL injection vulnerability in search endpoint,User-supplied search string is concatenated directly into SQL query.,Security,High,String concatenation used instead of parameterized query,Replace f-string SQL with parameterized queries using placeholders.,2024-01-01 00:00:00
43,SQL injection vulnerability in search endpoint,User-supplied search string is concatenated directly into SQL query.,Security,Low,String concatenation used instead of parameterized query,Replace f-string SQL with parameterized queries using placeholders.,2024-01-01 00:00:00
44,SQL injection vulnerability in search endpoint,User-supplied search string is concatenated directly into SQL query.,Security,Critical,String concatenation used instead of parameterized query,Replace f-string SQL with parameterized queries using placeholders.,2024-01-01 00:00:00
45,SQL injection vulnerability in search endpoint,User-supplied search string is concatenated directly into SQL query.,Security,Medium,String concatenation used instead of parameterized query,Replace f-string SQL with parameterized queries using placeholders.,2024-01-01 00:00:00
46,SQL injection vulnerability in search endpoint,User-supplied search string is concatenated directly into SQL query.,Security,Critical,String concatenation used instead of parameterized query,Replace f-string SQL with parameterized queries using placeholders.,2024-01-01 00:00:00
47,SQL injection vulnerability in search endpoint,User-supplied search string is concatenated directly into SQL query.,Security,Medium,String concatenation used instead of parameterized query,Replace f-string SQL with parameterized queries using placeholders.,2024-01-01 00:00:00
48,SQL injection vulnerability in search endpoint,User-supplied search string is concatenated directly into SQL query.,Security,High,String concatenation used instead of parameterized query,Replace f-string SQL with parameterized queries using placeholders.,2024-01-01 00:00:00
49,SQL injection vulnerability in search endpoint,User-supplied search string is concatenated directly into SQL query.,Security,Medium,String concatenation used instead of parameterized query,Replace f-string SQL with parameterized queries using placeholders.,2024-01-01 00:00:00
50,SQL injection vulnerability in search endpoint,User-supplied search string is concatenated directly into SQL query.,Security,Low,String concatenation used instead of parameterized query,Replace f-string SQL with parameterized queries using placeholders.,2024-01-01 00:00:00
51,Payment webhook signature verification bypassed,Any POST to /webhook/stripe is accepted regardless of signature header.,Payment,Medium,Signature check function returns True on exception,Fix verify() to return False on any HMAC mismatch or exception.,2024-01-01 00:00:00
52,Payment webhook signature verification bypassed,Any POST to /webhook/stripe is accepted regardless of signature header.,Payment,High,Signature check function returns True on exception,Fix verify() to return False on any HMAC mismatch or exception.,2024-01-01 00:00:00
53,Payment webhook signature verification bypassed,Any POST to /webhook/stripe is accepted regardless of signature header.,Payment,High,Signature check function returns True on exception,Fix verify() to return False on any HMAC mismatch or exception.,2024-01-01 00:00:00
54,Payment webhook signature verification bypassed,Any POST to /webhook/stripe is accepted regardless of signature header.,Payment,High,Signature check function returns True on exception,Fix verify() to return False on any HMAC mismatch or exception.,2024-01-01 00:00:00
55,Payment webhook signature verification bypassed,Any POST to /webhook/stripe is accepted regardless of signature header.,Payment,Medium,Signature check function returns True on exception,Fix verify() to return False on any HMAC mismatch or exception.,2024-01-01 00:00:00
56,Payment webhook signature verification bypassed,Any POST to /webhook/stripe is accepted regardless of signature header.,Payment,Medium,Signature check function returns True on exception,Fix verify() to return False on any HMAC mismatch or exception.,2024-01-01 00:00:00
57,Payment webhook signature verification bypassed,Any POST to /webhook/stripe is accepted regardless of signature header.,Payment,High,Signature check function returns True on exception,Fix verify() to return False on any HMAC mismatch or exception.,2024-01-01 00:00:00
58,Payment webhook signature verification bypassed,Any POST to /webhook/stripe is accepted regardless of signature header.,Payment,Low,Signature check function returns True on exception,Fix verify() to return False on any HMAC mismatch or exception.,2024-01-01 00:00:00
59,Payment webhook signature verification bypassed,Any POST to /webhook/stripe is accepted regardless of signature header.,Payment,Medium,Signature check function returns True on exception,Fix verify() to return False on any HMAC mismatch or exception.,2024-01-01 00:00:00
60,Payment webhook signature verification bypassed,Any POST to /webhook/stripe is accepted regardless of signature header.,Payment,High,Signature check function returns True on exception,Fix verify() to return False on any HMAC mismatch or exception.,2024-01-01 00:00:00
61,Mobile navbar overlaps content on iOS Safari,Fixed navbar covers the first 60px of page content on iPhone.,UI/UX,Low,safe-area-inset-top not applied to fixed header,Add padding-top: env(safe-area-inset-top) to the header CSS.,2024-01-01 00:00:00
62,Mobile navbar overlaps content on iOS Safari,Fixed navbar covers the first 60px of page content on iPhone.,UI/UX,Low,safe-area-inset-top not applied to fixed header,Add padding-top: env(safe-area-inset-top) to the header CSS.,2024-01-01 00:00:00
63,Mobile navbar overlaps content on iOS Safari,Fixed navbar covers the first 60px of page content on iPhone.,UI/UX,Critical,safe-area-inset-top not applied to fixed header,Add padding-top: env(safe-area-inset-top) to the header CSS.,2024-01-01 00:00:00
64,Mobile navbar overlaps content on iOS Safari,Fixed navbar covers the first 60px of page content on iPhone.,UI/UX,Low,safe-area-inset-top not applied to fixed header,Add padding-top: env(safe-area-inset-top) to the header CSS.,2024-01-01 00:00:00
65,Mobile navbar overlaps content on iOS Safari,Fixed navbar covers the first 60px of page content on iPhone.,UI/UX,High,safe-area-inset-top not applied to fixed header,Add padding-top: env(safe-area-inset-top) to the header CSS.,2024-01-01 00:00:00
66,Mobile navbar overlaps content on iOS Safari,Fixed navbar covers the first 60px of page content on iPhone.,UI/UX,High,safe-area-inset-top not applied to fixed header,Add padding-top: env(safe-area-inset-top) to the header CSS.,2024-01-01 00:00:00
67,Mobile navbar overlaps content on iOS Safari,Fixed navbar covers the first 60px of page content on iPhone.,UI/UX,Medium,safe-area-inset-top not applied to fixed header,Add padding-top: env(safe-area-inset-top) to the header CSS.,2024-01-01 00:00:00
68,Mobile navbar overlaps content on iOS Safari,Fixed navbar covers the first 60px of page content on iPhone.,UI/UX,Medium,safe-area-inset-top not applied to fixed header,Add padding-top: env(safe-area-inset-top) to the header CSS.,2024-01-01 00:00:00
69,Mobile navbar overlaps content on iOS Safari,Fixed navbar covers the first 60px of page content on iPhone.,UI/UX,Low,safe-area-inset-top not applied to fixed header,Add padding-top: env(safe-area-inset-top) to the header CSS.,2024-01-01 00:00:00
70,Mobile navbar overlaps content on iOS Safari,Fixed navbar covers the first 60px of page content on iPhone.,UI/UX,Medium,safe-area-inset-top not applied to fixed header,Add padding-top: env(safe-area-inset-top) to the header CSS.,2024-01-01 00:00:00
71,API returns 500 on empty request body,POST /api/items crashes when body is empty instead of returning 400.,API,Low,Missing null check before json.loads(request.body),Validate content-length and return 400 with clear error message.,2024-01-01 00:00:00
72,API returns 500 on empty request body,POST /api/items crashes when body is empty instead of returning 400.,API,High,Missing null check before json.loads(request.body),Validate content-length and return 400 with clear error message.,2024-01-01 00:00:00
73,API returns 500 on empty request body,POST /api/items crashes when body is empty instead of returning 400.,API,High,Missing null check before json.loads(request.body),Validate content-length and return 400 with clear error message.,2024-01-01 00:00:00
74,API returns 500 on empty request body,POST /api/items crashes when body is empty instead of returning 400.,API,Critical,Missing null check before json.loads(request.body),Validate content-length and return 400 with clear error message.,2024-01-01 00:00:00
75,API returns 500 on empty request body,POST /api/items crashes when body is empty instead of returning 400.,API,High,Missing null check before json.loads(request.body),Validate content-length and return 400 with clear error message.,2024-01-01 00:00:00
76,API returns 500 on empty request body,POST /api/items crashes when body is empty instead of returning 400.,API,Critical,Missing null check before json.loads(request.body),Validate content-length and return 400 with clear error message.,2024-01-01 00:00:00
77,API returns 500 on empty request body,POST /api/items crashes when body is empty instead of returning 400.,API,Medium,Missing null check before json.loads(request.body),Validate content-length and return 400 with clear error message.,2024-01-01 00:00:00
78,API returns 500 on empty request body,POST /api/items crashes when body is empty instead of returning 400.,API,Medium,Missing null check before json.loads(request.body),Validate content-length and return 400 with clear error message.,2024-01-01 00:00:00
79,API returns 500 on empty request body,POST /api/items crashes when body is empty instead of returning 400.,API,High,Missing null check before json.loads(request.body),Validate content-length and return 400 with clear error message.,2024-01-01 00:00:00
80,API returns 500 on empty request body,POST /api/items crashes when body is empty instead of returning 400.,API,High,Missing null check before json.loads(request.body),Validate content-length and return 400 with clear error message.,2024-01-01 00:00:00
81,Slow query on user dashboard,Dashboard takes 12s to load for users with >10k records.,Performance,High,"Missing composite index on (user_id, created_at)","Add index CREATE INDEX idx_records_user_created ON records(user_id, created_at DESC).",2024-01-01 00:00:00
82,Slow query on user dashboard,Dashboard takes 12s to load for users with >10k records.,Performance,Critical,"Missing composite index on (user_id, created_at)","Add index CREATE INDEX idx_records_user_created ON records(user_id, created_at DESC).",2024-01-01 00:00:00
83,Slow query on user dashboard,Dashboard takes 12s to load for users with >10k records.,Performance,Low,"Missing composite index on (user_id, created_at)","Add index CREATE INDEX idx_records_user_created ON records(user_id, created_at DESC).",2024-01-01 00:00:00
84,Slow query on user dashboard,Dashboard takes 12s to load for users with >10k records.,Performance,High,"Missing composite index on (user_id, created_at)","Add index CREATE INDEX idx_records_user_created ON records(user_id, created_at DESC).",2024-01-01 00:00:00
85,Slow query on user dashboard,Dashboard takes 12s to load for users with >10k records.,Performance,Critical,"Missing composite index on (user_id, created_at)","Add index CREATE INDEX idx_records_user_created ON records(user_id, created_at DESC).",2024-01-01 00:00:00
86,Slow query on user dashboard,Dashboard takes 12s to load for users with >10k records.,Performance,High,"Missing composite index on (user_id, created_at)","Add index CREATE INDEX idx_records_user_created ON records(user_id, created_at DESC).",2024-01-01 00:00:00
87,Slow query on user dashboard,Dashboard takes 12s to load for users with >10k records.,Performance,Medium,"Missing composite index on (user_id, created_at)","Add index CREATE INDEX idx_records_user_created ON records(user_id, created_at DESC).",2024-01-01 00:00:00
88,Slow query on user dashboard,Dashboard takes 12s to load for users with >10k records.,Performance,Low,"Missing composite index on (user_id, created_at)","Add index CREATE INDEX idx_records_user_created ON records(user_id, created_at DESC).",2024-01-01 00:00:00
89,Slow query on user dashboard,Dashboard takes 12s to load for users with >10k records.,Performance,Critical,"Missing composite index on (user_id, created_at)","Add index CREATE INDEX idx_records_user_created ON records(user_id, created_at DESC).",2024-01-01 00:00:00
90,Slow query on user dashboard,Dashboard takes 12s to load for users with >10k records.,Performance,Low,"Missing composite index on (user_id, created_at)","Add index CREATE INDEX idx_records_user_created ON records(user_id, created_at DESC).",2024-01-01 00:00:00
91,File upload accepts arbitrary MIME types,Users can upload .exe files disguised as .jpg.,Security,Critical,MIME type trusted from Content-Type header only,Verify file magic bytes server-side and whitelist allowed types.,2024-01-01 00:00:00
92,File upload accepts arbitrary MIME types,Users can upload .exe files disguised as .jpg.,Security,Medium,MIME type trusted from Content-Type header only,Verify file magic bytes server-side and whitelist allowed types.,2024-01-01 00:00:00
93,File upload accepts arbitrary MIME types,Users can upload .exe files disguised as .jpg.,Security,Critical,MIME type trusted from Content-Type header only,Verify file magic bytes server-side and whitelist allowed types.,2024-01-01 00:00:00
94,File upload accepts arbitrary MIME types,Users can upload .exe files disguised as .jpg.,Security,High,MIME type trusted from Content-Type header only,Verify file magic bytes server-side and whitelist allowed types.,2024-01-01 00:00:00
95,File upload accepts arbitrary MIME types,Users can upload .exe files disguised as .jpg.,Security,Medium,MIME type trusted from Content-Type header only,Verify file magic bytes server-side and whitelist allowed types.,2024-01-01 00:00:00
96,File upload accepts arbitrary MIME types,Users can upload .exe files disguised as .jpg.,Security,High,MIME type trusted from Content-Type header only,Verify file magic bytes server-side and whitelist allowed types.,2024-01-01 00:00:00
97,File upload accepts arbitrary MIME types,Users can upload .exe files disguised as .jpg.,Security,Medium,MIME type trusted from Content-Type header only,Verify file magic bytes server-side and whitelist allowed types.,2024-01-01 00:00:00
98,File upload accepts arbitrary MIME types,Users can upload .exe files disguised as .jpg.,Security,Medium,MIME type trusted from Content-Type header only,Verify file magic bytes server-side and whitelist allowed types.,2024-01-01 00:00:00
99,File upload accepts arbitrary MIME types,Users can upload .exe files disguised as .jpg.,Security,Critical,MIME type trusted from Content-Type header only,Verify file magic bytes server-side and whitelist allowed types.,2024-01-01 00:00:00
100,File upload accepts arbitrary MIME types,Users can upload .exe files disguised as .jpg.,Security,Low,MIME type trusted from Content-Type header only,Verify file magic bytes server-side and whitelist allowed types.,2024-01-01 00:00:00
101,Notification emails sent twice,Users receive duplicate order confirmation emails.,Notification,High,Celery task retried on soft timeout without idempotency key,Add idempotency key check before sending and set acks_late=False.,2024-01-01 00:00:00
102,Notification emails sent twice,Users receive duplicate order confirmation emails.,Notification,Medium,Celery task retried on soft timeout without idempotency key,Add idempotency key check before sending and set acks_late=False.,2024-01-01 00:00:00
103,Notification emails sent twice,Users receive duplicate order confirmation emails.,Notification,High,Celery task retried on soft timeout without idempotency key,Add idempotency key check before sending and set acks_late=False.,2024-01-01 00:00:00
104,Notification emails sent twice,Users receive duplicate order confirmation emails.,Notification,Critical,Celery task retried on soft timeout without idempotency key,Add idempotency key check before sending and set acks_late=False.,2024-01-01 00:00:00
105,Notification emails sent twice,Users receive duplicate order confirmation emails.,Notification,Critical,Celery task retried on soft timeout without idempotency key,Add idempotency key check before sending and set acks_late=False.,2024-01-01 00:00:00
106,Notification emails sent twice,Users receive duplicate order confirmation emails.,Notification,Critical,Celery task retried on soft timeout without idempotency key,Add idempotency key check before sending and set acks_late=False.,2024-01-01 00:00:00
107,Notification emails sent twice,Users receive duplicate order confirmation emails.,Notification,Critical,Celery task retried on soft timeout without idempotency key,Add idempotency key check before sending and set acks_late=False.,2024-01-01 00:00:00
108,Notification emails sent twice,Users receive duplicate order confirmation emails.,Notification,Low,Celery task retried on soft timeout without idempotency key,Add idempotency key check before sending and set acks_late=False.,2024-01-01 00:00:00
109,Notification emails sent twice,Users receive duplicate order confirmation emails.,Notification,Low,Celery task retried on soft timeout without idempotency key,Add idempotency key check before sending and set acks_late=False.,2024-01-01 00:00:00
110,Notification emails sent twice,Users receive duplicate order confirmation emails.,Notification,Medium,Celery task retried on soft timeout without idempotency key,Add idempotency key check before sending and set acks_late=False.,2024-01-01 00:00:00
111,Websocket disconnects after 60 seconds,Real-time chat drops connection every minute.,Networking,Low,Reverse proxy idle timeout set to 60s,Increase nginx proxy_read_timeout to 3600s and enable ws heartbeat.,2024-01-01 00:00:00
112,Websocket disconnects after 60 seconds,Real-time chat drops connection every minute.,Networking,High,Reverse proxy idle timeout set to 60s,Increase nginx proxy_read_timeout to 3600s and enable ws heartbeat.,2024-01-01 00:00:00
113,Websocket disconnects after 60 seconds,Real-time chat drops connection every minute.,Networking,Low,Reverse proxy idle timeout set to 60s,Increase nginx proxy_read_timeout to 3600s and enable ws heartbeat.,2024-01-01 00:00:00
114,Websocket disconnects after 60 seconds,Real-time chat drops connection every minute.,Networking,Medium,Reverse proxy idle timeout set to 60s,Increase nginx proxy_read_timeout to 3600s and enable ws heartbeat.,2024-01-01 00:00:00
115,Websocket disconnects after 60 seconds,Real-time chat drops connection every minute.,Networking,Low,Reverse proxy idle timeout set to 60s,Increase nginx proxy_read_timeout to 3600s and enable ws heartbeat.,2024-01-01 00:00:00
116,Websocket disconnects after 60 seconds,Real-time chat drops connection every minute.,Networking,High,Reverse proxy idle timeout set to 60s,Increase nginx proxy_read_timeout to 3600s and enable ws heartbeat.,2024-01-01 00:00:00
117,Websocket disconnects after 60 seconds,Real-time chat drops connection every minute.,Networking,Critical,Reverse proxy idle timeout set to 60s,Increase nginx proxy_read_timeout to 3600s and enable ws heartbeat.,2024-01-01 00:00:00
118,Websocket disconnects after 60 seconds,Real-time chat drops connection every minute.,Networking,Medium,Reverse proxy idle timeout set to 60s,Increase nginx proxy_read_timeout to 3600s and enable ws heartbeat.,2024-01-01 00:00:00
119,Websocket disconnects after 60 seconds,Real-time chat drops connection every minute.,Networking,Critical,Reverse proxy idle timeout set to 60s,Increase nginx proxy_read_timeout to 3600s and enable ws heartbeat.,2024-01-01 00:00:00
120,Websocket disconnects after 60 seconds,Real-time chat drops connection every minute.,Networking,Medium,Reverse proxy idle timeout set to 60s,Increase nginx proxy_read_timeout to 3600s and enable ws heartbeat.,2024-01-01 00:00:00
121,Docker container OOM killed in production,Container restarts every few hours with OOMKilled status.,Deployment,Critical,JVM heap size not constrained to container memory limit,Set -Xmx to 75% of container memory limit and enable UseContainerSupport.,2024-01-01 00:00:00
122,Docker container OOM killed in production,Container restarts every few hours with OOMKilled status.,Deployment,High,JVM heap size not constrained to container memory limit,Set -Xmx to 75% of container memory limit and enable UseContainerSupport.,2024-01-01 00:00:00
123,Docker container OOM killed in production,Container restarts every few hours with OOMKilled status.,Deployment,High,JVM heap size not constrained to container memory limit,Set -Xmx to 75% of container memory limit and enable UseContainerSupport.,2024-01-01 00:00:00
124,Docker container OOM killed in production,Container restarts every few hours with OOMKilled status.,Deployment,Low,JVM heap size not constrained to container memory limit,Set -Xmx to 75% of container memory limit and enable UseContainerSupport.,2024-01-01 00:00:00
125,Docker container OOM killed in production,Container restarts every few hours with OOMKilled status.,Deployment,Critical,JVM heap size not constrained to container memory limit,Set -Xmx to 75% of container memory limit and enable UseContainerSupport.,2024-01-01 00:00:00
126,Docker container OOM killed in production,Container restarts every few hours with OOMKilled status.,Deployment,Critical,JVM heap size not constrained to container memory limit,Set -Xmx to 75% of container memory limit and enable UseContainerSupport.,2024-01-01 00:00:00
127,Docker container OOM killed in production,Container restarts every few hours with OOMKilled status.,Deployment,Critical,JVM heap size not constrained to container memory limit,Set -Xmx to 75% of container memory limit and enable UseContainerSupport.,2024-01-01 00:00:00
128,Docker container OOM killed in production,Container restarts every few hours with OOMKilled status.,Deployment,High,JVM heap size not constrained to container memory limit,Set -Xmx to 75% of container memory limit and enable UseContainerSupport.,2024-01-01 00:00:00
129,Docker container OOM killed in production,Container restarts every few hours with OOMKilled status.,Deployment,High,JVM heap size not constrained to container memory limit,Set -Xmx to 75% of container memory limit and enable UseContainerSupport.,2024-01-01 00:00:00
130,Docker container OOM killed in production,Container restarts every few hours with OOMKilled status.,Deployment,Low,JVM heap size not constrained to container memory limit,Set -Xmx to 75% of container memory limit and enable UseContainerSupport.,2024-01-01 00:00:00
131,CSV import corrupts unicode characters,Non-ASCII names appear as garbled text after import.,File I/O,Critical,File opened with default cp1252 encoding on Windows,Open file with encoding='utf-8' explicitly.,2024-01-01 00:00:00
132,CSV import corrupts unicode characters,Non-ASCII names appear as garbled text after import.,File I/O,Medium,File opened with default cp1252 encoding on Windows,Open file with encoding='utf-8' explicitly.,2024-01-01 00:00:00
133,CSV import corrupts unicode characters,Non-ASCII names appear as garbled text after import.,File I/O,Medium,File opened with default cp1252 encoding on Windows,Open file with encoding='utf-8' explicitly.,2024-01-01 00:00:00
134,CSV import corrupts unicode characters,Non-ASCII names appear as garbled text after import.,File I/O,Medium,File opened with default cp1252 encoding on Windows,Open file with encoding='utf-8' explicitly.,2024-01-01 00:00:00
135,CSV import corrupts unicode characters,Non-ASCII names appear as garbled text after import.,File I/O,High,File opened with default cp1252 encoding on Windows,Open file with encoding='utf-8' explicitly.,2024-01-01 00:00:00
136,CSV import corrupts unicode characters,Non-ASCII names appear as garbled text after import.,File I/O,Low,File opened with default cp1252 encoding on Windows,Open file with encoding='utf-8' explicitly.,2024-01-01 00:00:00
137,CSV import corrupts unicode characters,Non-ASCII names appear as garbled text after import.,File I/O,Critical,File opened with default cp1252 encoding on Windows,Open file with encoding='utf-8' explicitly.,2024-01-01 00:00:00
138,CSV import corrupts unicode characters,Non-ASCII names appear as garbled text after import.,File I/O,High,File opened with default cp1252 encoding on Windows,Open file with encoding='utf-8' explicitly.,2024-01-01 00:00:00
139,CSV import corrupts unicode characters,Non-ASCII names appear as garbled text after import.,File I/O,Medium,File opened with default cp1252 encoding on Windows,Open file with encoding='utf-8' explicitly.,2024-01-01 00:00:00
140,CSV import corrupts unicode characters,Non-ASCII names appear as garbled text after import.,File I/O,Critical,File opened with default cp1252 encoding on Windows,Open file with encoding='utf-8' explicitly.,2024-01-01 00:00:00
141,Form validation allows negative quantities,Order form accepts -5 as quantity and creates negative-priced orders.,Validation,Medium,Client-side min attribute not enforced server-side,Add server-side validator: quantity must be positive integer.,2024-01-01 00:00:00
142,Form validation allows negative quantities,Order form accepts -5 as quantity and creates negative-priced orders.,Validation,Medium,Client-side min attribute not enforced server-side,Add server-side validator: quantity must be positive integer.,2024-01-01 00:00:00
143,Form validation allows negative quantities,Order form accepts -5 as quantity and creates negative-priced orders.,Validation,Critical,Client-side min attribute not enforced server-side,Add server-side validator: quantity must be positive integer.,2024-01-01 00:00:00
144,Form validation allows negative quantities,Order form accepts -5 as quantity and creates negative-priced orders.,Validation,High,Client-side min attribute not enforced server-side,Add server-side validator: quantity must be positive integer.,2024-01-01 00:00:00
145,Form validation allows negative quantities,Order form accepts -5 as quantity and creates negative-priced orders.,Validation,Medium,Client-side min attribute not enforced server-side,Add server-side validator: quantity must be positive integer.,2024-01-01 00:00:00
146,Form validation allows negative quantities,Order form accepts -5 as quantity and creates negative-priced orders.,Validation,Medium,Client-side min attribute not enforced server-side,Add server-side validator: quantity must be positive integer.,2024-01-01 00:00:00
147,Form validation allows negative quantities,Order form accepts -5 as quantity and creates negative-priced orders.,Validation,Low,Client-side min attribute not enforced server-side,Add server-side validator: quantity must be positive integer.,2024-01-01 00:00:00
148,Form validation allows negative quantities,Order form accepts -5 as quantity and creates negative-priced orders.,Validation,Low,Client-side min attribute not enforced server-side,Add server-side validator: quantity must be positive integer.,2024-01-01 00:00:00
149,Form validation allows negative quantities,Order form accepts -5 as quantity and creates negative-priced orders.,Validation,Critical,Client-side min attribute not enforced server-side,Add server-side validator: quantity must be positive integer.,2024-01-01 00:00:00
150,Form validation allows negative quantities,Order form accepts -5 as quantity and creates negative-priced orders.,Validation,High,Client-side min attribute not enforced server-side,Add server-side validator: quantity must be positive integer.,2024-01-01 00:00:00
151,Logs missing correlation IDs across services,Cannot trace a request across microservices.,Logging,Low,X-Request-ID header not propagated in HTTP client,Inject request_id via middleware and forward in all outbound calls.,2024-01-01 00:00:00
152,Logs missing correlation IDs across services,Cannot trace a request across microservices.,Logging,Medium,X-Request-ID header not propagated in HTTP client,Inject request_id via middleware and forward in all outbound calls.,2024-01-01 00:00:00
153,Logs missing correlation IDs across services,Cannot trace a request across microservices.,Logging,Critical,X-Request-ID header not propagated in HTTP client,Inject request_id via middleware and forward in all outbound calls.,2024-01-01 00:00:00
154,Logs missing correlation IDs across services,Cannot trace a request across microservices.,Logging,Critical,X-Request-ID header not propagated in HTTP client,Inject request_id via middleware and forward in all outbound calls.,2024-01-01 00:00:00
155,Logs missing correlation IDs across services,Cannot trace a request across microservices.,Logging,Medium,X-Request-ID header not propagated in HTTP client,Inject request_id via middleware and forward in all outbound calls.,2024-01-01 00:00:00
156,Logs missing correlation IDs across services,Cannot trace a request across microservices.,Logging,Critical,X-Request-ID header not propagated in HTTP client,Inject request_id via middleware and forward in all outbound calls.,2024-01-01 00:00:00
157,Logs missing correlation IDs across services,Cannot trace a request across microservices.,Logging,High,X-Request-ID header not propagated in HTTP client,Inject request_id via middleware and forward in all outbound calls.,2024-01-01 00:00:00
158,Logs missing correlation IDs across services,Cannot trace a request across microservices.,Logging,Low,X-Request-ID header not propagated in HTTP client,Inject request_id via middleware and forward in all outbound calls.,2024-01-01 00:00:00
159,Logs missing correlation IDs across services,Cannot trace a request across microservices.,Logging,High,X-Request-ID header not propagated in HTTP client,Inject request_id via middleware and forward in all outbound calls.,2024-01-01 00:00:00
160,Logs missing correlation IDs across services,Cannot trace a request across microservices.,Logging,Low,X-Request-ID header not propagated in HTTP client,Inject request_id via middleware and forward in all outbound calls.,2024-01-01 00:00:00
161,OAuth callback fails with state mismatch,Users get 'invalid state' error after Google sign-in.,Authentication,Critical,"State token stored in memory, lost across load-balanced instances",Store OAuth state in shared Redis with 10-minute TTL.,2024-01-01 00:00:00
162,OAuth callback fails with state mismatch,Users get 'invalid state' error after Google sign-in.,Authentication,Medium,"State token stored in memory, lost across load-balanced instances",Store OAuth state in shared Redis with 10-minute TTL.,2024-01-01 00:00:00
163,OAuth callback fails with state mismatch,Users get 'invalid state' error after Google sign-in.,Authentication,Critical,"State token stored in memory, lost across load-balanced instances",Store OAuth state in shared Redis with 10-minute TTL.,2024-01-01 00:00:00
164,OAuth callback fails with state mismatch,Users get 'invalid state' error after Google sign-in.,Authentication,Low,"State token stored in memory, lost across load-balanced instances",Store OAuth state in shared Redis with 10-minute TTL.,2024-01-01 00:00:00
165,OAuth callback fails with state mismatch,Users get 'invalid state' error after Google sign-in.,Authentication,High,"State token stored in memory, lost across load-balanced instances",Store OAuth state in shared Redis with 10-minute TTL.,2024-01-01 00:00:00
166,OAuth callback fails with state mismatch,Users get 'invalid state' error after Google sign-in.,Authentication,Medium,"State token stored in memory, lost across load-balanced instances",Store OAuth state in shared Redis with 10-minute TTL.,2024-01-01 00:00:00
167,OAuth callback fails with state mismatch,Users get 'invalid state' error after Google sign-in.,Authentication,Low,"State token stored in memory, lost across load-balanced instances",Store OAuth state in shared Redis with 10-minute TTL.,2024-01-01 00:00:00
168,OAuth callback fails with state mismatch,Users get 'invalid state' error after Google sign-in.,Authentication,Low,"State token stored in memory, lost across load-balanced instances",Store OAuth state in shared Redis with 10-minute TTL.,2024-01-01 00:00:00
169,OAuth callback fails with state mismatch,Users get 'invalid state' error after Google sign-in.,Authentication,Medium,"State token stored in memory, lost across load-balanced instances",Store OAuth state in shared Redis with 10-minute TTL.,2024-01-01 00:00:00
170,OAuth callback fails with state mismatch,Users get 'invalid state' error after Google sign-in.,Authentication,Critical,"State token stored in memory, lost across load-balanced instances",Store OAuth state in shared Redis with 10-minute TTL.,2024-01-01 00:00:00
171,Redis cache stampede on popular product page,"When cache expires, hundreds of DB queries fire simultaneously.",Performance,Medium,No mutex around cache-miss recomputation,Use SETNX-based lock or probabilistic early expiration.,2024-01-01 00:00:00
172,Redis cache stampede on popular product page,"When cache expires, hundreds of DB queries fire simultaneously.",Performance,High,No mutex around cache-miss recomputation,Use SETNX-based lock or probabilistic early expiration.,2024-01-01 00:00:00
173,Redis cache stampede on popular product page,"When cache expires, hundreds of DB queries fire simultaneously.",Performance,Medium,No mutex around cache-miss recomputation,Use SETNX-based lock or probabilistic early expiration.,2024-01-01 00:00:00
174,Redis cache stampede on popular product page,"When cache expires, hundreds of DB queries fire simultaneously.",Performance,Low,No mutex around cache-miss recomputation,Use SETNX-based lock or probabilistic early expiration.,2024-01-01 00:00:00
175,Redis cache stampede on popular product page,"When cache expires, hundreds of DB queries fire simultaneously.",Performance,Medium,No mutex around cache-miss recomputation,Use SETNX-based lock or probabilistic early expiration.,2024-01-01 00:00:00
176,Redis cache stampede on popular product page,"When cache expires, hundreds of DB queries fire simultaneously.",Performance,High,No mutex around cache-miss recomputation,Use SETNX-based lock or probabilistic early expiration.,2024-01-01 00:00:00
177,Redis cache stampede on popular product page,"When cache expires, hundreds of DB queries fire simultaneously.",Performance,High,No mutex around cache-miss recomputation,Use SETNX-based lock or probabilistic early expiration.,2024-01-01 00:00:00
178,Redis cache stampede on popular product page,"When cache expires, hundreds of DB queries fire simultaneously.",Performance,Low,No mutex around cache-miss recomputation,Use SETNX-based lock or probabilistic early expiration.,2024-01-01 00:00:00
179,Redis cache stampede on popular product page,"When cache expires, hundreds of DB queries fire simultaneously.",Performance,Low,No mutex around cache-miss recomputation,Use SETNX-based lock or probabilistic early expiration.,2024-01-01 00:00:00
180,Redis cache stampede on popular product page,"When cache expires, hundreds of DB queries fire simultaneously.",Performance,Medium,No mutex around cache-miss recomputation,Use SETNX-based lock or probabilistic early expiration.,2024-01-01 00:00:00
181,CORS preflight fails for authenticated routes,Browser blocks PUT requests from frontend to API.,API,Low,Access-Control-Allow-Credentials not set with specific origin,Set Allow-Origin to specific origin (not *) and Allow-Credentials to true.,2024-01-01 00:00:00
182,CORS preflight fails for authenticated routes,Browser blocks PUT requests from frontend to API.,API,Medium,Access-Control-Allow-Credentials not set with specific origin,Set Allow-Origin to specific origin (not *) and Allow-Credentials to true.,2024-01-01 00:00:00
183,CORS preflight fails for authenticated routes,Browser blocks PUT requests from frontend to API.,API,Medium,Access-Control-Allow-Credentials not set with specific origin,Set Allow-Origin to specific origin (not *) and Allow-Credentials to true.,2024-01-01 00:00:00
184,CORS preflight fails for authenticated routes,Browser blocks PUT requests from frontend to API.,API,Medium,Access-Control-Allow-Credentials not set with specific origin,Set Allow-Origin to specific origin (not *) and Allow-Credentials to true.,2024-01-01 00:00:00
185,CORS preflight fails for authenticated routes,Browser blocks PUT requests from frontend to API.,API,High,Access-Control-Allow-Credentials not set with specific origin,Set Allow-Origin to specific origin (not *) and Allow-Credentials to true.,2024-01-01 00:00:00
186,CORS preflight fails for authenticated routes,Browser blocks PUT requests from frontend to API.,API,Medium,Access-Control-Allow-Credentials not set with specific origin,Set Allow-Origin to specific origin (not *) and Allow-Credentials to true.,2024-01-01 00:00:00
187,CORS preflight fails for authenticated routes,Browser blocks PUT requests from frontend to API.,API,Critical,Access-Control-Allow-Credentials not set with specific origin,Set Allow-Origin to specific origin (not *) and Allow-Credentials to true.,2024-01-01 00:00:00
188,CORS preflight fails for authenticated routes,Browser blocks PUT requests from frontend to API.,API,Critical,Access-Control-Allow-Credentials not set with specific origin,Set Allow-Origin to specific origin (not *) and Allow-Credentials to true.,2024-01-01 00:00:00
189,CORS preflight fails for authenticated routes,Browser blocks PUT requests from frontend to API.,API,High,Access-Control-Allow-Credentials not set with specific origin,Set Allow-Origin to specific origin (not *) and Allow-Credentials to true.,2024-01-01 00:00:00
190,CORS preflight fails for authenticated routes,Browser blocks PUT requests from frontend to API.,API,Critical,Access-Control-Allow-Credentials not set with specific origin,Set Allow-Origin to specific origin (not *) and Allow-Credentials to true.,2024-01-01 00:00:00
191,Password reset link never expires,Old reset links from months ago still work.,Security,Critical,No expiry check on reset token,Include timestamp in token and reject if older than 30 minutes.,2024-01-01 00:00:00
192,Password reset link never expires,Old reset links from months ago still work.,Security,Medium,No expiry check on reset token,Include timestamp in token and reject if older than 30 minutes.,2024-01-01 00:00:00
193,Password reset link never expires,Old reset links from months ago still work.,Security,Low,No expiry check on reset token,Include timestamp in token and reject if older than 30 minutes.,2024-01-01 00:00:00
194,Password reset link never expires,Old reset links from months ago still work.,Security,High,No expiry check on reset token,Include timestamp in token and reject if older than 30 minutes.,2024-01-01 00:00:00
195,Password reset link never expires,Old reset links from months ago still work.,Security,Critical,No expiry check on reset token,Include timestamp in token and reject if older than 30 minutes.,2024-01-01 00:00:00
196,Password reset link never expires,Old reset links from months ago still work.,Security,High,No expiry check on reset token,Include timestamp in token and reject if older than 30 minutes.,2024-01-01 00:00:00
197,Password reset link never expires,Old reset links from months ago still work.,Security,High,No expiry check on reset token,Include timestamp in token and reject if older than 30 minutes.,2024-01-01 00:00:00
198,Password reset link never expires,Old reset links from months ago still work.,Security,Low,No expiry check on reset token,Include timestamp in token and reject if older than 30 minutes.,2024-01-01 00:00:00
199,Password reset link never expires,Old reset links from months ago still work.,Security,High,No expiry check on reset token,Include timestamp in token and reject if older than 30 minutes.,2024-01-01 00:00:00
200,Password reset link never expires,Old reset links from months ago still work.,Security,Low,No expiry check on reset token,Include timestamp in token and reject if older than 30 minutes.,2024-01-01 00:00:00
